{
  "intervals": 11399,
  "max_min": 36.0,
  "max_s": 2160.0,
  "mean_min": 31.92218615668041,
  "mean_s": 1915.3311694008246,
  "median_min": 33.0,
  "median_s": 1980.0,
  "min_min": 26.0,
  "min_s": 1560.0,
  "p10_min": 27.0,
  "p10_s": 1620.0,
  "p25_min": 29.0,
  "p25_s": 1740.0,
  "p75_min": 35.0,
  "p75_s": 2100.0,
  "p90_min": 35.5,
  "p90_s": 2130.0
}
