{
  "intervals": 379,
  "max_min": 35.5,
  "max_s": 2130.0,
  "mean_min": 28.74538258575198,
  "mean_s": 1724.7229551451187,
  "median_min": 32.5,
  "median_s": 1950.0,
  "min_min": 18.0,
  "min_s": 1080.0,
  "p10_min": 18.5,
  "p10_s": 1110.0,
  "p25_min": 24.0,
  "p25_s": 1440.0,
  "p75_min": 33.5,
  "p75_s": 2010.0,
  "p90_min": 35.0,
  "p90_s": 2100.0
}
