{
  "intervals": 3195,
  "max_min": 35.0,
  "max_s": 2100.0,
  "mean_min": 26.474334898278563,
  "mean_s": 1588.4600938967137,
  "median_min": 29.0,
  "median_s": 1740.0,
  "min_min": 7.5,
  "min_s": 450.0,
  "p10_min": 12.5,
  "p10_s": 750.0,
  "p25_min": 17.0,
  "p25_s": 1020.0,
  "p75_min": 33.5,
  "p75_s": 2010.0,
  "p90_min": 34.5,
  "p90_s": 2070.0
}
