{
  "intervals": 10287,
  "max_min": 36.0,
  "max_s": 2160.0,
  "mean_min": 31.782881306503352,
  "mean_s": 1906.9728783902012,
  "median_min": 34.0,
  "median_s": 2040.0,
  "min_min": 5.0,
  "min_s": 300.0,
  "p10_min": 24.0,
  "p10_s": 1440.0,
  "p25_min": 32.0,
  "p25_s": 1920.0,
  "p75_min": 35.0,
  "p75_s": 2100.0,
  "p90_min": 35.5,
  "p90_s": 2130.0
}
