{
  "intervals": 5583,
  "max_min": 36.0,
  "max_s": 2160.0,
  "mean_min": 32.92512985849901,
  "mean_s": 1975.507791509941,
  "median_min": 35.0,
  "median_s": 2100.0,
  "min_min": 25.5,
  "min_s": 1530.0,
  "p10_min": 27.0,
  "p10_s": 1620.0,
  "p25_min": 31.0,
  "p25_s": 1860.0,
  "p75_min": 35.5,
  "p75_s": 2130.0,
  "p90_min": 35.5,
  "p90_s": 2130.0
}
