{
  "intervals": 7461,
  "max_min": 35.5,
  "max_s": 2130.0,
  "mean_min": 30.97754992628334,
  "mean_s": 1858.6529955770004,
  "median_min": 34.0,
  "median_s": 2040.0,
  "min_min": 3.5,
  "min_s": 210.0,
  "p10_min": 22.0,
  "p10_s": 1320.0,
  "p25_min": 31.0,
  "p25_s": 1860.0,
  "p75_min": 35.0,
  "p75_s": 2100.0,
  "p90_min": 35.5,
  "p90_s": 2130.0
}
